{
    "calibration": {
        "Carpus IMU": [
            [
                0.018946799,
                0.959252896,
                -0.281912932,
                0
            ],
            [
                -0.997749166,
                0,
                -0.067056708,
                -0.01
            ],
            [
                -0.064324341,
                0.282548903,
                0.957093776,
                0
            ],
            [
                0,
                0,
                0,
                1
            ]
        ],
        "I Metacarpal IMU": [
            [
                0.020539847,
                0.956313527,
                0.291620565,
                0
            ],
            [
                -0.99908014,
                0.030614827,
                -0.030026758,
                -0.0185
            ],
            [
                -0.037642908,
                -0.29073557,
                0.956062676,
                0
            ],
            [
                0,
                0,
                0,
                1
            ]
        ],
        "I Proximal IMU": [
            [
                0.049823587,
                0.907117567,
                0.41791785,
                0
            ],
            [
                -0.998750453,
                0.043621321,
                0.024386762,
                -0.013
            ],
            [
                0.003891531,
                -0.418610678,
                0.908157451,
                0
            ],
            [
                0,
                0,
                0,
                1
            ]
        ],
        "I Distal IMU": [
            [
                0.140219949,
                0.934908657,
                0.326012531,
                0
            ],
            [
                -0.949857435,
                0.034075423,
                0.310821039,
                -0.0145
            ],
            [
                0.279480264,
                -0.353248737,
                0.892807992,
                0
            ],
            [
                0,
                0,
                0,
                1
            ]
        ],
        "II Metacarpal IMU": [
            [
                -0.09879635,
                0.99007982,
                0.099906117,
                0
            ],
            [
                -0.992640718,
                -0.105118506,
                0.060120763,
                -0.0315
            ],
            [
                0.070026336,
                -0.093231167,
                0.993178867,
                0
            ],
            [
                0,
                0,
                0,
                1
            ]
        ],
        "II Proximal IMU": [
            [
                0.02834845,
                0.999387915,
                0.020497856,
                0
            ],
            [
                -0.998723167,
                0.029175466,
                -0.041241106,
                -0.017
            ],
            [
                -0.041813897,
                -0.019302562,
                0.998938942,
                0
            ],
            [
                0,
                0,
                0,
                1
            ]
        ],
        "II Middle IMU": [
            [
                -0.015174759,
                0.999462576,
                -0.029056614,
                0
            ],
            [
                -0.999620023,
                -0.015833128,
                -0.022563724,
                -0.0115
            ],
            [
                -0.023011655,
                0.028703174,
                0.999323067,
                0
            ],
            [
                0,
                0,
                0,
                1
            ]
        ],
        "II Distal IMU": [
            [
                -0.065944047,
                0.997093768,
                -0.038149708,
                0
            ],
            [
                -0.987406647,
                -0.05969789,
                0.146506914,
                -0.012
            ],
            [
                0.143803674,
                0.047330534,
                0.988473735,
                0
            ],
            [
                0,
                0,
                0,
                1
            ]
        ],
        "III Metacarpal IMU": [
            [
                -0.051913418,
                0.989819039,
                -0.13252648,
                0
            ],
            [
                -0.998481976,
                -0.053891261,
                -0.011378732,
                -0.0315
            ],
            [
                -0.018404904,
                0.131734592,
                0.991114149,
                0
            ],
            [
                0,
                0,
                0,
                1
            ]
        ],
        "III Proximal IMU": [
            [
                0.002011973,
                0.999364608,
                0.035585573,
                0
            ],
            [
                -0.999279697,
                0.003357779,
                -0.037799632,
                -0.0185
            ],
            [
                -0.037895102,
                -0.035483888,
                0.998651518,
                0
            ],
            [
                0,
                0,
                0,
                1
            ]
        ],
        "III Middle IMU": [
            [
                -0.074681058,
                0.997127869,
                0.012599689,
                0
            ],
            [
                -0.997195986,
                -0.074734877,
                0.003855454,
                -0.0145
            ],
            [
                0.004786017,
                -0.01227643,
                0.999913188,
                0
            ],
            [
                0,
                0,
                0,
                1
            ]
        ],
        "III Distal IMU": [
            [
                -0.051289208,
                0.99867901,
                -0.003106687,
                0
            ],
            [
                -0.99733994,
                -0.051058615,
                0.052019815,
                -0.013
            ],
            [
                0.051792474,
                0.005766478,
                0.998641221,
                0
            ],
            [
                0,
                0,
                0,
                1
            ]
        ],
        "IV Metacarpal IMU": [
            [
                -0.064044103,
                0.933762511,
                -0.352116355,
                0
            ],
            [
                -0.993887253,
                -0.091475644,
                -0.061808856,
                -0.03
            ],
            [
                -0.089924863,
                0.346005464,
                0.933913132,
                0
            ],
            [
                0,
                0,
                0,
                1
            ]
        ],
        "IV Proximal IMU": [
            [
                -0.07415047,
                0.98365519,
                -0.164085876,
                0
            ],
            [
                -0.997242418,
                -0.072637195,
                0.01521179,
                -0.017
            ],
            [
                0.003044418,
                0.164761357,
                0.986328762,
                0
            ],
            [
                0,
                0,
                0,
                1
            ]
        ],